ticker,name,sector,sector_etf,market_cap,date,close,daily_return,return_5d,return_20d,rs_spy_20d,rs_spy_50d,rs_spy_near_high,rs_qqq_20d,rs_qqq_50d,rs_sector_20d,rs_sector_50d,close_to_50d_high,volume_ratio,volume_trend,updown_vol_ratio_20d,capped_volume_ratio,avg_dollar_volume_20d,close_position,ma20,ma60,ma120,above_ma20,above_ma60,ma60_rising,ma120_rising,ma_aligned,golden_cross_recent,vp_signal,accumulation_days_10d,distribution_days_10d,volume_strength,surge_today,sustained_accumulation,signal_type,triggered_today,days_since_trigger,warnings,atr_ratio,rsi_14,liquidity_ok,rs_positive,rs_sector_positive,near_50d_high,volume_quality,not_overheated,passed_hard_filters,grade,market_state,trigger_price,ext_from_trigger,base_stability,sector_etf_to_52w_high,mom_12_1,mom_6_1,score_3m,score,next_earnings_date,earnings_within_20d,verdict,verdict_reason,regime_trend,regime_breadth,regime_vix_ratio
VEEV,Veeva Systems Inc.,Health Care,XLV,33102694400.0,2026-08-27,282.1300048828125,0.15197419731393969,0.1261326238673457,0.3997321308797741,0.3463459479176614,0.6760022938473917,True,0.3268251728754439,0.7458680003052909,0.3339794939921443,0.5324759510618586,1.0,3.2612762473404495,1.235904668559203,3.971968219025569,3.2612762473404495,474557884.82921445,0.3240448871516833,237.28199996948243,198.90200068155926,184.32883389790854,True,True,True,True,True,False,accumulation,2,0,attention,True,False,surge,True,0.0,,0.04043982731857779,79.57430332198578,True,True,True,True,False,True,True,A,Confirmed Uptrend,282.13,0.0,0.24680633541474853,0.9766621640729851,-0.36529720353712114,0.06871418608949309,0.33948574259793957,1.0879659211927584,2026-11-26,False,진입 검토,국면 정합 A등급 · surge D+0 · 클러스터 대표(8종목 중),0,0.576,0.826
BMNR,"BitMine Immersion Technologies,",Financials,XLF,10423751680.0,2026-08-27,25.6299991607666,0.028904027208546568,0.18822436362465922,0.4175884551393816,0.36352122687372534,0.5345810772350841,True,0.3437514261206147,0.5985515094185831,0.39603559868379135,0.47951018303771287,1.0,1.4655071550608056,1.4668382671660618,3.307597035034338,1.4655071550608056,798046953.1728256,0.2908584652450493,19.99749994277954,17.191166607538857,19.057333286603292,True,True,True,True,False,False,accumulation,6,0,normal,False,True,acc,True,0.0,과열,0.05263085322614245,79.80030720265202,True,True,True,True,True,False,True,A,Confirmed Uptrend,25.63,0.0,0.4340000589112269,0.9926256166172422,-0.7093845274466604,-0.23709512112991782,0.04345594642155439,1.0859424920127796,2026-11-21,False,대기,과열 + 당일 저가권 마감 — 단기 소화 후 재평가,0,0.576,0.826
ZS,"Zscaler, Inc.",Information Technology,XLK,24450478080.0,2026-08-27,187.3000030517578,0.09975929620525537,0.07059163371788624,0.26221446069244814,0.21407324091949187,0.4288034257501987,True,0.19647029818592432,0.4883644186533467,0.1760189866228561,0.4534666991549676,0.9953236812717939,1.7448858744798716,0.9906564801095759,2.4684038785962885,1.7448858744798716,397464421.34926,0.7972029132763214,173.98324966430664,150.3455832163493,147.8643746693929,True,True,True,True,True,False,accumulation,3,1,interest,True,False,surge,True,0.0,어닝스20일내,0.049918747618760154,63.04675082714879,True,True,True,True,True,True,True,A,Confirmed Uptrend,187.3,0.0,0.27163190394312425,0.9527010877787918,-0.4975000649821243,-0.13637568201945272,0.11167369997665055,1.0673056443024496,2026-09-04,True,대기,어닝스 2026-09-04 — 발표 후 재평가,0,0.576,0.826
CRM,"Salesforce, Inc.",Information Technology,XLK,150712385536.0,2026-08-27,252.0500030517578,0.22580492674415642,0.2269386751600304,0.3947761257673408,0.341578966254684,0.5127739902615742,True,0.3221273080518774,0.5758353738460429,0.29952813651873855,0.5388867205707522,1.0,3.942145570826635,1.4178680261341305,1.6437078203658475,3.942145570826635,2925702063.836889,0.8965079592015779,199.97750015258788,178.21990203857422,180.6097900390625,True,True,True,True,False,False,accumulation,3,2,attention,True,False,surge,True,0.0,"과열,어닝스20일내",0.041324001915341885,79.97622197154911,True,True,True,True,False,False,True,A,Confirmed Uptrend,252.05,0.0,0.17887883775108146,0.9527010877787918,-0.3182131841861521,-0.10779139680062211,0.1772510293690523,1.05468583599574,2026-08-27,True,대기,어닝스 2026-08-27 — 발표 후 재평가,0,0.576,0.826
NOW,"ServiceNow, Inc.",Information Technology,XLK,114996477952.0,2026-08-27,138.42999267578125,0.10039737136434801,0.06689782409079958,0.25765415698725214,0.20968686849914486,0.32591713298759095,True,0.19214752412185532,0.38118921557415875,0.17177010189756547,0.34880443586886045,1.0,1.5549236327128475,0.8402684329936995,2.220980018582321,1.5549236327128475,2204756266.5538054,0.9018727751122118,123.803999710083,110.70416679382325,105.94783350626628,True,True,True,True,True,False,accumulation,1,0,interest,True,False,surge,True,0.0,,0.04326580493553299,69.00585395735922,True,True,True,True,False,True,True,A,Confirmed Uptrend,138.43,0.0,0.3686082355820082,0.9527010877787918,-0.4144507352775597,-0.004495432165464552,0.2580624512366666,1.0544728434504793,2026-10-29,False,스킵,상관 클러스터 중복 — 대표: VEEV·CRM,0,0.576,0.826
OKTA,"Okta, Inc.",Information Technology,XLK,24668477440.0,2026-08-27,172.91000366210938,0.2863413630223981,0.2888342199035294,0.23137733881803602,0.1844122556744343,0.443366751961209,True,0.16723936988232002,0.5035348305932035,0.14728770367018207,0.4682814100488193,1.0,4.6933026181179525,1.7933672750721628,1.5147867576096032,4.6933026181179525,519315389.10879517,0.8942778312736054,144.37750091552735,136.28000106811524,108.83470884958903,True,True,True,True,True,False,accumulation,4,4,attention,True,False,surge,True,0.0,"과열,분산4일,어닝스20일내",0.05354147501834592,70.39336327347542,True,True,True,True,False,False,True,A,Confirmed Uptrend,172.91,0.0,0.15262880234338555,0.9527010877787918,0.3080059058123745,0.7101475512718374,0.8928560933522407,1.026464323748669,2026-08-27,True,대기,어닝스 2026-08-27 — 발표 후 재평가,0,0.576,0.826
MRNA,"Moderna, Inc.",Health Care,XLV,21751822336.0,2026-08-27,142.77000427246094,-0.046037680215511245,0.07088206142429088,1.4649518091492144,1.3709378436390276,1.501217351620125,False,1.336561430684883,1.6054829113494886,1.3491603104210799,1.2870227885770982,0.8187292136412415,0.8462030537933519,1.4607673497454048,1.7550461109676334,0.8462030537933519,4210494489.7193336,0.4209740637419343,90.88275127410888,70.99558372497559,60.767541821797685,True,True,True,True,True,False,dry_up,3,2,normal,False,False,surge,False,2.0,과열,0.13527647097667378,65.56768733957958,True,True,True,False,False,False,True,A,Confirmed Uptrend,158.83,-0.1011,0.042651134285888855,0.9766621640729851,0.9274051194472617,-0.009516611675682962,0.8005515026225419,1.0179978700745473,2026-11-05,False,대기,과열 + 당일 저가권 마감 — 단기 소화 후 재평가,0,0.576,0.826
RBRK,"Rubrik, Inc.",Information Technology,XLK,14893754368.0,2026-08-27,107.0199966430664,0.11328409134289497,0.09741591803751803,0.4951102808806611,0.43808634805612656,0.5014421734369336,True,0.4172354217878027,0.5640311797515074,0.39301056370888143,0.5273592997242551,1.0,2.314423157475878,1.051651431315227,1.2347462847134532,2.314423157475878,325872067.322464,0.8611512820787494,93.96299934387207,82.22283299763997,69.32283312479655,True,True,True,True,True,False,accumulation,1,4,attention,True,False,surge,True,0.0,"분산4일,어닝스20일내",0.05644538173070877,67.62825014522764,True,True,True,True,False,True,True,A,Confirmed Uptrend,107.02,0.0,0.28260059115454517,0.9527010877787918,-0.26144478649821745,0.24409772598262602,0.4467877421081706,1.0173588924387647,2026-08-28,True,스킵,상관 클러스터 중복 — 대표: ZS·OKTA,0,0.576,0.826
ADSK,"Autodesk, Inc.",Information Technology,XLK,49450217472.0,2026-08-27,270.5799865722656,0.06205590153736029,0.07792200608272637,0.15155119873415113,0.10763070735611735,0.30407797746997733,True,0.09157108322935237,0.3584396746505807,0.07291281787148529,0.32658830402703565,1.0,2.116446254848476,1.1686689582430443,2.137550945952989,2.116446254848476,451828513.6182556,0.9002611217019368,249.00199966430665,223.05,231.87574996948243,True,True,True,True,False,False,accumulation,1,1,attention,True,False,surge,True,0.0,어닝스20일내,0.03628712072454238,69.89115189365205,True,True,True,True,False,True,True,A,Confirmed Uptrend,270.58,0.0,0.39090586716211123,0.9527010877787918,-0.2404651361752309,-0.01253878070550185,0.3105217178361324,1.017199148029819,2026-08-28,True,스킵,상관 클러스터 중복 — 대표: VEEV·CRM,0,0.576,0.826
EL,"Estee Lauder Companies, Inc. (T",Consumer Staples,XLP,30354593792.0,2026-08-27,106.20999908447266,0.010946140801474158,0.10462815807533898,0.25129597692341776,0.2035711912376006,0.17702230286593612,True,0.1861205185425323,0.2260875666834805,0.2570318097486066,0.2115824720403532,1.0,1.246498946630397,1.1667881884161095,1.750969611857596,1.246498946630397,340413507.7771305,0.5323279193125652,91.86899948120117,86.23249956766765,82.92870744069417,True,True,True,False,True,False,accumulation,4,3,normal,False,False,surge,False,4.0,분산3일,0.03404307558631801,77.58611649893794,True,True,True,True,False,True,True,A,Confirmed Uptrend,101.94,0.0419,0.1632676794150358,0.95714422429483,-0.16865723022263623,-0.2883569791986246,0.16738275443781928,1.0130457933972312,2026-11-02,False,진입 검토,국면 정합 A등급 · surge D+4 · 클러스터 대표(3종목 중),0,0.576,0.826
RVMD,"Revolution Medicines, Inc.",Health Care,XLV,39868215296.0,2026-08-27,221.14999389648438,0.026503859034401334,0.044465927971251595,0.15080395485075382,0.10691196356769983,0.3708024593515553,True,0.09086276056325371,0.42794562830090666,0.09674475816389183,0.25341224789755,1.0,1.8663966138048829,1.3322012433881534,1.6576649254889213,1.8663966138048829,372022554.82955474,0.613691137955992,205.5297508239746,185.21441726684571,156.0150416692098,True,True,True,True,True,False,accumulation,3,1,interest,True,False,surge,True,0.0,,0.03538226498216386,70.82240305760087,True,True,True,True,True,True,True,A,Confirmed Uptrend,221.15,0.0,0.3704868648097502,0.9766621640729851,3.2456989854860048,0.6647656347387167,0.9912591048618111,1.0105963791267307,2026-11-05,False,진입 검토,국면 정합 A등급 · surge D+0,0,0.576,0.826
AEM,Agnico Eagle Mines Limited,Materials,XLB,73559629824.0,2026-08-27,215.44000244140625,0.006540876467893808,0.0160347541168111,0.42912107755493367,0.37461399177888177,0.1892749971077543,False,0.354683356161118,0.23885102582243523,0.3864326922286119,0.20908309786446133,0.9613136488986077,0.5649269815158932,1.0139616866756544,4.568204270060979,0.5649269815158932,675629007.1539428,0.8740606679439671,187.63699951171876,165.14066645304362,180.69618911743163,True,True,True,False,False,False,weak_rally,4,1,normal,False,False,surge,False,4.0,,0.03791245161611749,72.81972104494722,True,True,True,True,True,True,True,A,Confirmed Uptrend,216.06,-0.0029,0.25714092917251463,0.9918017767519959,-0.08697214895162486,-0.4466913710993765,0.21881259503510958,1.0017039403620873,2026-10-29,False,진입 검토,국면 정합 A등급 · surge D+4 · 클러스터 대표(10종목 중),0,0.576,0.826
GEN,Gen Digital Inc.,Information Technology,XLK,16430941184.0,2026-08-27,30.5,0.029014865993955086,0.0823278804009846,0.1225524256824595,0.0797379557850082,0.2101223217699728,True,0.06408275084156712,0.26056739050364985,0.045894344577456,0.2310108338893755,1.0,1.137848323873778,1.154660561711459,3.3504579489496975,1.137848323873778,160031041.93602943,0.970587575312188,28.54907007217407,26.49052791595459,23.681263637542724,True,True,True,True,True,False,accumulation,6,0,normal,False,True,acc,True,0.0,,0.03127190028840853,69.00714145871962,True,True,True,True,True,True,True,A,Confirmed Uptrend,30.5,0.0,0.36312750622025997,0.9527010877787918,-0.20236507554186478,0.14517580257208507,0.45652275432391953,0.9957933972310969,2026-11-06,False,스킵,상관 클러스터 중복 — 대표: VEEV·CRM,0,0.576,0.826
P,"Everpure, Inc.",Information Technology,XLK,25651687424.0,2026-08-27,99.23999786376953,-0.0887052665450494,-0.09765416589694043,0.3221423007148416,0.27171541601973415,0.3147526543183068,False,0.25327671488780257,0.3695593352808275,0.23185440911910038,0.3374472416833061,0.8398780872380173,2.1214853076649627,1.2173603193103564,1.7664324001083866,2.1214853076649627,367531141.051445,0.23936472217413882,101.62600021362304,83.17033335367839,76.66775000890097,False,True,True,True,True,False,distribution,3,4,attention,False,False,surge,False,1.0,"분산4일,어닝스20일내",0.07384406867224008,51.66507737578748,True,True,True,False,False,True,True,A,Confirmed Uptrend,108.9,-0.0887,0.29954420491919387,0.9527010877787918,0.034424968323338856,-0.013465336514642323,0.5227233431856623,0.9949946751863684,2026-08-27,True,대기,어닝스 2026-08-27 — 발표 후 재평가,0,0.576,0.826
ARGX,argenx SE,Health Care,XLV,53097164800.0,2026-08-27,1058.9000244140625,0.01126926664430683,0.020016982039277043,0.21352770367767282,0.167243410712697,0.16988285943981674,True,0.15031945734449015,0.2186505089518722,0.15652204902941858,0.06969862406062144,1.0,1.0234455647381346,0.9660995596360435,2.0784516192057834,1.0234455647381346,296723251.2104858,0.840410938913697,934.0329956054687,900.7323303222656,836.6969991048177,True,True,True,True,True,False,accumulation,6,1,normal,False,True,acc,True,0.0,,0.033631738860213464,71.67483069039442,True,True,True,True,True,True,True,A,Confirmed Uptrend,1058.9,0.0,0.2139649988056024,0.9766621640729851,0.09027500699134183,0.07521746421153042,0.6616138456544396,0.9948349307774228,2026-10-22,False,진입 검토,국면 정합 A등급 · acc D+0,0,0.576,0.826
AU,AngloGold Ashanti PLC,Materials,XLB,40115785728.0,2026-08-27,118.4000015258789,0.0024553459828018376,0.03478415854418193,0.44716439639459526,0.3919691332883477,0.23110723410824296,False,0.37178686411848205,0.2824270783305054,0.40393705033269267,0.2516120762976708,0.9595591385975146,0.8445004320276097,1.2340016270578664,1.7196008167217463,0.8445004320276097,328169136.30239487,0.7048390847568389,100.63800354003907,88.25805460611979,92.05972881317139,True,True,True,False,False,False,weak_rally,3,2,normal,False,False,surge,False,4.0,,0.04101043532206116,72.25821053048097,True,True,True,True,False,True,True,A,Confirmed Uptrend,121.22,-0.0233,0.2627549186872355,0.9918017767519959,0.278519080134783,-0.4024669495321753,0.4919494512879215,0.9853567625133121,2026-11-05,False,진입 검토,국면 정합 A등급 · surge D+4 · 클러스터 대표(10종목 중),0,0.576,0.826
A,"Agilent Technologies, Inc.",Health Care,XLV,39080103936.0,2026-08-27,157.69000244140625,0.016830026950831023,0.008893150112019743,0.13683220250065475,0.09347309783983992,0.19481570516255098,True,0.0776187459990949,0.2446227034194255,0.08342933107681483,0.09249631747780263,0.9917610216440644,1.620297098750835,1.5692145782661926,2.186527063414005,1.620297098750835,297927878.09979856,0.2650089572568586,148.93150024414064,138.38950805664064,127.13831526438395,True,True,True,True,True,False,accumulation,6,2,interest,True,True,surge+acc,True,0.0,,0.02699238590819618,70.27462940744421,True,True,True,True,False,True,True,A,Confirmed Uptrend,157.69,0.0,0.35860169831818695,0.9766621640729851,0.04574141936795906,0.09473569200080156,0.6318192638658716,0.9832268370607028,2026-11-26,False,진입 검토,국면 정합 A등급 · surge+acc D+0,0,0.576,0.826
NTNX,"Nutanix, Inc.",Information Technology,XLK,15951612928.0,2026-08-27,69.83999633789062,0.06805317311176862,0.0529171477452397,0.17853523989238762,0.13358556948320222,0.40281862099679966,True,0.11714962378350258,0.4612964132695363,0.09805414347513097,0.42703335800219255,1.0,2.8016133913589902,1.4938961772338477,1.1290156006065868,2.8016133913589902,186323627.83002776,0.31845223227869085,64.6267499923706,56.51508337656657,49.32687505086263,True,True,True,True,True,False,accumulation,3,3,attention,True,False,surge,True,0.0,분산3일,0.0364588532036873,71.31560947187087,True,True,True,True,False,True,True,A,Confirmed Uptrend,69.84,0.0,0.2990986541406307,0.9527010877787918,-0.23482496701088196,0.4008716339597096,0.4779393255995399,0.9676251331203408,2026-11-26,False,스킵,상관 클러스터 중복 — 대표: VEEV·CRM,0,0.576,0.826
KGC,Kinross Gold Corporation,Materials,XLB,27402162176.0,2026-08-27,32.5099983215332,0.005878670436355593,0.034362011004485105,0.37821951551036515,0.3256538298382463,0.12880688168494592,False,0.3064330714320209,0.17586224105585502,0.3370515790308186,0.14760784908244173,0.9710274422351939,0.7938946367327316,1.0839765038251685,2.3654618431844754,0.7938946367327316,248321427.62611467,0.7231608099225207,28.2547438621521,25.811122067769368,28.20417636235555,True,True,True,False,False,False,weak_rally,5,0,normal,False,False,acc,False,2.0,,0.03588719659565644,71.78142305180319,True,True,True,True,True,True,True,A,Confirmed Uptrend,33.48,-0.029,0.26986709244335594,0.9918017767519959,0.006229550720361798,-0.404965650973763,0.2934504222833484,0.9670926517571886,2026-11-11,False,스킵,상관 클러스터 중복 — 대표: AEM·AU,0,0.576,0.826
CRWD,"CrowdStrike Holdings, Inc.",Information Technology,XLK,194344960000.0,2026-08-27,227.9600067138672,0.2049900387962671,0.1976463754322748,0.23075264664444228,0.18381138943863173,0.30244629911078613,True,0.166647215652995,0.35673997826916115,0.14670567115524968,0.3249284604711795,1.0,2.6798458089931327,1.3940026844135938,1.1065819344833334,2.6798458089931327,1812853388.436006,0.9510491749051662,207.57749862670897,191.21099929809571,156.36681207021078,True,True,True,True,True,False,accumulation,3,3,attention,True,False,surge,True,0.0,"분산3일,어닝스20일내",0.05008240856992901,64.04973986686541,True,True,True,True,False,True,True,A,Confirmed Uptrend,227.96,0.0,0.19314312120612467,0.9527010877787918,0.5029821463793898,0.7697013091545235,0.9431198282391667,0.9654952076677317,2026-08-27,True,스킵,상관 클러스터 중복 — 대표: ZS·OKTA,0,0.576,0.826
TYL,"Tyler Technologies, Inc.",Information Technology,XLK,12678823936.0,2026-08-27,369.8800048828125,0.04885867371200292,0.06244611167816694,0.14404134631122512,0.10040728284795009,0.2035815826269589,True,0.08445239171724506,0.2537539945971812,0.06591580641968231,0.22435719185514058,1.0,1.6713572048276433,0.9898252611434266,1.4384443735035914,1.6713572048276433,252015328.37480468,0.7801053254992523,329.87200317382815,312.1378351847331,321.8928337097168,True,True,True,False,False,False,accumulation,2,0,interest,True,False,surge,True,0.0,,0.03754691861289361,70.40350954974262,True,True,True,True,False,True,True,A,Confirmed Uptrend,369.88,0.0,0.4045194445925369,0.9527010877787918,-0.46685428356368197,-0.11224987021376076,0.13469329642981212,0.9566027689030884,2026-10-29,False,스킵,상관 클러스터 중복 — 대표: VEEV·CRM,0,0.576,0.826
MRK,"Merck & Company, Inc.",Health Care,XLV,321571160064.0,2026-08-27,149.5399932861328,-0.023252858755445027,0.0036914408530173137,0.1521688960755201,0.10822484554459288,0.26020800474235006,False,0.09215660696183359,0.3127409415160278,0.09804558106005445,0.15228867388361045,0.9558325100869425,0.7603155940499611,1.1096224502766336,1.942031405189718,0.7603155940499611,1585872242.8759599,0.16993118579834446,138.5764995574951,128.61117006937664,121.86128584543864,True,True,True,True,True,False,dry_up,4,3,normal,False,False,acc,False,2.0,분산3일,0.03243278515360777,64.58126210584518,True,True,True,True,False,True,True,A,Confirmed Uptrend,156.45,-0.0442,0.18065073745025428,0.9766621640729851,0.3865600983193629,0.04213882248607237,0.797550244030229,0.9562300319488818,2026-10-29,False,진입 검토,국면 정합 A등급 · acc D+2,0,0.576,0.826
TGT,Target Corporation,Consumer Staples,XLP,65626075136.0,2026-08-27,165.92999267578125,0.011521576853223525,0.04853075940462093,0.15703823675962547,0.112908468185273,0.21650535065989507,False,0.09677232139207725,0.26721650185919454,0.16234200023429257,0.25222483585403266,0.9766907603267172,0.8837832375648887,1.1835197785308709,1.7016623293637683,0.8837832375648887,772616707.8361359,0.774434106214793,154.7585021972656,140.16213366190593,130.66097672780356,True,True,True,True,True,False,weak_rally,4,4,normal,False,False,acc,False,2.0,분산4일,0.033381496755347274,68.99368320742028,True,True,True,True,False,True,True,A,Confirmed Uptrend,163.47,0.015,0.3467534055509494,0.95714422429483,0.37115219262848664,0.20597994679473008,0.8754836468424141,0.955111821086262,2026-11-18,False,진입 검토,국면 정합 A등급 · acc D+2,0,0.576,0.826
SJM,The J.M. Smucker Company,Consumer Staples,XLP,12746591232.0,2026-08-27,131.83999633789062,0.007181073225638324,0.0714343199360632,0.08890887820948068,0.04737758281468074,0.11353009883637255,True,0.032191573446131105,0.15994863137832205,0.09390034258118751,0.14622598616398386,1.0,1.6863910134189148,1.5030736429790617,1.8020132971355753,1.6863910134189148,154655479.06883544,0.4206008771068136,120.9940616607666,115.13333791097006,106.02950057983398,True,True,True,True,True,False,accumulation,3,1,interest,True,False,surge,True,0.0,,0.026533815175879324,72.13401279091403,True,True,True,True,True,True,True,A,Confirmed Uptrend,131.84,0.0,0.383319164732745,0.95714422429483,0.030981328746648273,0.03518084748016714,0.5761762712636609,0.9441427050053249,2026-11-24,False,진입 검토,국면 정합 A등급 · surge D+0,0,0.576,0.826
WDAY,"Workday, Inc.",Information Technology,XLK,39599726592.0,2026-08-27,193.57000732421875,0.01478378675868286,-0.01900466177177018,0.22427428105104696,0.17758011055792533,0.48199188196064613,False,0.16050628457141425,0.5437700848772826,0.14066970723835914,0.5075732672721016,0.9376120619306548,1.593917721941366,0.8817950196554083,1.19121399473917,1.593917721941366,892623049.1450104,0.3933417063485133,185.9264991760254,152.70566571553547,140.32991631825766,True,True,True,True,True,False,accumulation,1,1,interest,True,False,surge,True,0.0,어닝스20일내,0.05662772452465089,60.73079582272549,True,True,True,True,False,True,True,A,Confirmed Uptrend,193.57,0.0,0.3419297868986752,0.9527010877787918,-0.34060704278379295,0.13522427735579678,0.3836052690027507,0.9393503727369541,2026-08-28,True,스킵,상관 클러스터 중복 — 대표: VEEV·CRM,0,0.576,0.826
HMY,Harmony Gold Mining Company Lim,Materials,XLB,9944315904.0,2026-08-27,21.030000686645508,-0.06241638874196631,-0.04495911673649022,0.30216725593702143,0.25250222515071474,0.14797320293667138,False,0.2343420975736541,0.19582752814394389,0.26327102912056266,0.1670933971096502,0.8933729765819082,2.29918767425559,1.4806540315782628,1.4204169686089327,2.29918767425559,69834958.88361588,0.5090492461868678,19.904000186920165,17.049500068028767,16.660922797520957,True,True,True,True,True,False,distribution,4,3,attention,False,False,surge,False,4.0,"분산3일,어닝스20일내",0.04662996928535221,58.40096713378779,True,True,True,False,False,True,True,A,Confirmed Uptrend,23.54,-0.1066,0.2758519088487212,0.9918017767519959,-0.08364694899605085,-0.34021051226912413,0.2350109628515943,0.9286474973375932,2026-08-27,True,스킵,상관 클러스터 중복 — 대표: AEM·AU,0,0.576,0.826
CRCL,"Circle Internet Group, Inc.",Financials,XLF,16735070208.0,2026-08-27,94.23999786376953,0.048159203929439176,0.1264641852562094,0.4669987701995175,0.4110470184155235,0.1473401932962468,True,0.39058813749930477,0.19516813091092144,0.4446946848353852,0.10616605702496429,1.0,0.9710762179919802,1.245699987166743,2.5030315381489703,0.9710762179919802,1117042971.8110657,0.6599982350177667,74.81749992370605,72.35399990081787,90.05216646194458,True,True,False,False,False,False,weak_rally,4,2,normal,False,False,surge,False,4.0,과열,0.06340558077593308,71.64403821149,True,True,True,True,False,False,True,B,Confirmed Uptrend,87.98,0.0712,0.42447552694926977,0.9926256166172422,-0.5840820811345353,-0.33866123750040933,0.02345651592033851,0.9242811501597445,2026-11-11,False,스킵,국면(Confirmed Uptrend) 부정합 B등급 + 중기 근거 부족(3M 0.02),0,0.576,0.826
FCX,"Freeport-McMoRan, Inc.",Materials,XLB,90034372608.0,2026-08-27,78.41999816894531,-0.007341795329806167,0.10109515339560549,0.23612862336868923,0.18898232487628586,0.08761754854433246,False,0.17174317729391286,0.13295589244995054,0.19920499540181402,0.10573248246518463,0.9813539553888098,1.077415974388621,1.415063000389216,1.8966521810383734,1.077415974388621,1004637197.3262008,0.15015006758769217,70.47400074005127,65.64172058105468,63.59218645095825,True,True,True,True,True,False,distribution,5,2,normal,False,False,surge,False,3.0,,0.03534538709317226,68.69317840350637,True,True,True,True,False,True,True,A,Confirmed Uptrend,77.8,0.008,0.3424533041649614,0.9918017767519959,0.19593986098716765,-0.17155661306687775,0.5149715535357332,0.9222044728434505,2026-10-22,False,스킵,상관 클러스터 중복 — 대표: AEM·AU,0,0.576,0.826
SCCO,Southern Copper Corporation,Materials,XLB,143250571264.0,2026-08-27,216.27999877929688,0.011836251599049774,0.08831079066604053,0.23257535347745084,0.1660153973515608,0.09291235884453508,False,0.13107858877484757,0.1536091817396139,0.19807348123604385,0.0998824524440689,0.9844333262792397,1.2099409439570923,1.1426100844565612,1.8112831692588593,1.2099409439570923,214646612.4163254,0.37955457899305556,197.41072769165038,185.59435399373373,181.41084098815918,True,True,True,False,True,False,accumulation,5,1,normal,False,False,surge,False,4.0,,0.041301911666370116,64.18850059202163,True,True,True,True,True,True,True,A,Confirmed Uptrend,216.0,0.0013,0.30154221476180826,0.9918017767519959,0.6505028870609568,-0.2142797249398446,0.6121950191636341,0.9179446219382322,2026-10-28,False,스킵,상관 클러스터 중복 — 대표: AEM·AU,0,0.576,0.826
BNTX,BioNTech SE,Health Care,XLV,22906255360.0,2026-08-27,111.4000015258789,-0.010305579760793826,0.004599171602827745,0.19978463496612786,0.15402450656414923,0.20805414132305278,False,0.13729221511952683,0.2584129960410708,0.14342456313102514,0.10460106525775026,0.9556489818780117,0.8979773568873685,1.0400678226045565,1.270642509287761,0.8979773568873685,181358974.39061967,0.4492197744558091,99.52650032043456,93.9679168701172,94.07366663614908,True,True,True,True,False,False,dry_up,2,2,normal,False,False,surge,False,4.0,,0.04382727054931356,66.99086331204211,True,True,True,True,False,True,True,A,Confirmed Uptrend,116.57,-0.0444,0.1023780395369349,0.9766621640729851,-0.2240927124091764,-0.19698182050054036,0.16402658420324273,0.9066027689030883,2026-11-03,False,스킵,상관 클러스터 중복 — 대표: MRNA·EL,0,0.576,0.826
MSTR,Strategy Inc,Information Technology,XLK,34077014016.0,2026-08-27,137.39999389648438,0.1153502002878597,0.22252864705629194,0.40577037957370465,0.3521538960830597,0.0858684821642055,True,0.3325489111468185,0.13113391461932156,0.30977160276213844,0.10461218810344342,1.0,1.7818658330738542,1.4635710342416282,3.019330225563419,1.7818658330738542,2698991679.6237273,0.8445965064701639,104.77749977111816,103.91666615804037,128.67491658528647,True,True,False,False,False,False,accumulation,7,2,interest,True,True,surge+acc,True,0.0,과열,0.05590040487353497,72.85353721955366,True,True,True,True,False,False,True,B,Confirmed Uptrend,137.4,0.0,0.31325329794561985,0.9527010877787918,-0.7676464729803305,-0.3423870306655342,0.016403159579254298,0.8979765708200214,2026-10-30,False,스킵,국면(Confirmed Uptrend) 부정합 B등급 + 중기 근거 부족(3M 0.02),0,0.576,0.826
HOOD,"Robinhood Markets, Inc.",Financials,XLF,77817438208.0,2026-08-27,109.76000213623047,0.011240106968974484,0.15415356358915933,0.26743653660721867,0.21909614536846722,0.10153161074162864,False,0.20142037515102862,0.14744997520490477,0.24816657314142598,0.062001388656843126,0.9337303214522472,0.7293369414237846,1.3238043960515087,1.4871680079484673,0.7293369414237846,1849968007.6645114,0.4934213168074313,97.33699951171874,99.30516688028972,88.24929186503093,True,True,True,True,False,False,weak_rally,3,2,normal,False,False,surge,False,4.0,,0.05303777585915315,60.32083071265722,True,True,True,True,False,True,True,A,Confirmed Uptrend,108.13,0.0151,0.3016453722537558,0.9926256166172422,-0.27769418161921267,0.0628714603054703,0.36454528369581934,0.8968583599574015,2026-11-05,False,진입 검토,국면 정합 A등급 · surge D+4,0,0.576,0.826
JKHY,"Jack Henry & Associates, Inc.",Financials,XLF,10944662528.0,2026-08-27,169.63999938964844,-0.015952201460272986,0.0276229555852594,0.09984435521280433,0.05789597760405951,0.27346668033741195,False,0.04255746120802084,0.32655231727179057,0.08312244454440676,0.22776629353015587,0.9770763976530888,0.6805690855169774,0.9940056372163639,1.2302664608329112,0.6805690855169774,155331832.82071075,0.08425810642559411,159.40599899291993,146.59649937947592,148.98597246805826,True,True,True,True,False,False,dry_up,6,1,normal,False,True,acc,True,0.0,,0.031238428422847225,65.09375760290291,True,True,True,True,True,True,True,A,Confirmed Uptrend,169.64,0.0,0.34063759437400964,0.9926256166172422,-0.11709909212238345,-0.05198096639650185,0.3628964708160348,0.8890308839190629,2026-11-04,False,진입 검토,국면 정합 A등급 · acc D+0,0,0.576,0.826
EXE,Expand Energy Corporation,Energy,XLE,21768300544.0,2026-08-27,98.0,0.014807914566581815,0.020089521300162616,0.06674736650746782,0.026061317493986103,0.08291922993116008,True,0.01118437432102204,0.12806172007793903,0.009719422511128117,-0.015470386657519875,1.0,0.8683968091365775,1.156611571216593,2.8267149633648376,0.8683968091365775,253160874.94487762,0.8888888888888888,94.86109504699706,90.79881871541342,95.22735074361165,True,True,True,False,False,False,weak_rally,2,0,normal,False,False,surge,False,4.0,,0.024717282186043674,62.97815207592361,True,True,True,True,False,True,True,A,Confirmed Uptrend,96.09,0.0199,0.3737359726372585,0.9770980535768995,-0.14615880612960896,-0.17291529663121674,0.23711605815721581,0.8572417465388712,2026-10-28,False,진입 검토,국면 정합 A등급 · surge D+4,0,0.576,0.826
FIVE,"Five Below, Inc.",Consumer Discretionary,XLY,12006280192.0,2026-08-27,246.97999572753906,-0.04029535702363796,0.04515254656671752,0.12688779390852867,0.08390797182960008,0.2655610592657558,False,0.06819230549786925,0.3183171430705316,0.09294892536637644,0.33032446257516135,0.940088286312311,1.168307418518659,1.357129730561092,0.9326858808335764,1.168307418518659,235338091.29451522,0.03997934745086836,239.0970001220703,209.01666666666668,216.87791646321614,True,True,True,True,False,False,distribution,2,5,normal,False,False,surge,False,3.0,"분산5일,어닝스20일내",0.03748424781938083,59.70263208683111,True,True,True,True,False,True,True,A,Confirmed Uptrend,262.72,-0.0599,0.25079547434902877,0.9343411147607784,0.2906736526511391,-0.12531003804485974,0.5948439858080903,0.8556975505857295,2026-09-03,True,스킵,점수 후순위 (후보 내 하위 39%) — 우선순위 미달,0,0.576,0.826
NVDA,NVIDIA Corporation,Information Technology,XLK,4862365925376.0,2026-08-27,227.97999572753906,0.0873795275466771,0.051325751951837306,0.16888845147303577,0.12430671232740464,0.06682031955432755,True,0.10800530150224263,0.1112917117254002,0.08906612543668468,0.08523522586036258,1.0,2.376572047743667,1.3329744897317966,1.0725460435762235,2.376572047743667,27161814684.099525,0.7398115373576963,217.20750122070314,208.22549947102866,202.97244733174642,True,True,True,True,True,False,accumulation,2,2,attention,True,False,surge,True,0.0,,0.028567667083748145,61.32156943941362,True,True,True,True,False,True,True,A,Confirmed Uptrend,227.98,0.0,0.29321036045989085,0.9527010877787918,-0.08438569219349212,-0.03284225461322432,0.41115306418820796,0.8549520766773164,2026-11-18,False,스킵,점수 후순위 (후보 내 하위 38%) — 우선순위 미달,0,0.576,0.826
DB,Deutsche Bank AG,Financials,XLF,68959305728.0,2026-08-27,40.06999969482422,-0.003977127746276232,0.06682636394465269,0.08209562559388961,0.04082418959838385,0.1149800238737404,True,0.02573319838986654,0.16145899788251783,0.0656435646271869,0.07496718399331836,0.9960228722537238,0.9881458688879067,1.0649799812137837,1.0820059647620566,0.9881458688879067,65544704.22698784,0.1574054451179022,38.22000007629394,35.765500164031984,33.00782580375672,True,True,True,True,True,False,dry_up,2,2,normal,False,False,surge,False,1.0,,0.013904230956127785,70.10523760044124,True,True,True,True,False,True,True,A,Confirmed Uptrend,40.23,-0.004,0.6196986072630183,0.9926256166172422,-0.1265983348087233,-0.0589347521909257,0.3432574191454101,0.8482428115015975,2026-10-28,False,스킵,점수 후순위 (후보 내 하위 36%) — 우선순위 미달,0,0.576,0.826
PAAS,Pan American Silver Corp.,Materials,XLB,18164400128.0,2026-08-27,54.88999938964844,0.042941255475337226,0.060881674598103785,0.25098733440315923,0.2032743204311529,0.029653700353005963,True,0.1858279520890913,0.07257576761164608,0.2136198711363546,0.04680321101345797,1.0,0.8475715728873517,1.3166811579726236,2.693584251146016,0.8475715728873517,262416815.66784286,0.9598384652977683,49.63028984069824,46.855135790507,51.00434919993083,True,True,False,False,False,False,weak_rally,6,1,normal,False,True,acc,True,0.0,,0.03963768003225097,65.37543524589493,True,True,True,True,True,True,True,B,Confirmed Uptrend,54.89,0.0,0.27297015639117145,0.9918017767519959,0.13078180810031403,-0.404071029417137,0.40489245015461894,0.8326411075612353,2026-11-17,False,스킵,상관 클러스터 중복 — 대표: AEM·AU,0,0.576,0.826
COIN,"Coinbase Global, Inc.",Financials,XLF,38533771264.0,2026-08-27,190.72000122070312,0.04918034162966678,0.10658540450618981,0.1659126976760803,0.12144445462955988,0.09355460230693002,True,0.10518454390228782,0.13914043779231822,0.14818629131204752,0.05431064791698037,1.0,0.9142437458031242,1.2333137657247808,1.5249123818858061,0.9142437458031242,1638185190.706636,0.7747357982874938,159.8009994506836,160.26249923706055,175.3292496999105,True,True,False,False,False,False,weak_rally,4,1,normal,False,False,surge,False,4.0,,0.0531688114852195,64.84143952473737,True,True,True,True,True,True,True,B,Confirmed Uptrend,186.49,0.0227,0.2739553644022584,0.9926256166172422,-0.5460401307744835,-0.1689128076550943,0.08801239229354245,0.8282215122470715,2026-10-30,False,스킵,국면(Confirmed Uptrend) 부정합 B등급 + 중기 근거 부족(3M 0.09),0,0.576,0.826
EHC,Encompass Health Corporation,Health Care,XLV,11018041344.0,2026-08-27,119.56999969482422,-0.01001820745737636,-0.011082655915137352,0.07827577196276958,0.03715002627495956,0.16455234490440818,False,0.022112307047403634,0.21309778698562165,0.027623598068587274,0.0648245941369825,0.950401414952231,0.8558962348483031,0.8858764957951842,1.331635354168074,0.8558962348483031,120926299.46366616,0.3788236730238971,120.32899971008301,110.7663963317871,106.91737632751465,False,True,True,True,True,False,dry_up,2,0,normal,False,False,surge,False,1.0,,0.020051017650792386,54.14967901582739,True,True,True,True,False,True,True,A,Confirmed Uptrend,120.78,-0.01,0.27883993235021143,0.9766621640729851,-0.1778035436175105,0.0016671117375588462,0.3679889289436367,0.8275292864749734,2026-10-29,False,스킵,점수 후순위 (후보 내 하위 30%) — 우선순위 미달,0,0.576,0.826
BHP,BHP Group Limited,Materials,XLB,214633758720.0,2026-08-27,96.37000274658203,0.0004152487778159575,0.029264184273636085,0.12188592589895175,0.07909687649346586,0.011061137043513858,False,0.06345096660873772,0.053208156096522075,0.08837477037188557,0.027900977217109935,0.976492049473789,0.7930829533185342,1.080551752782703,2.441561193626125,0.7930829533185342,255136306.84684715,0.7297317112287214,90.84150009155273,86.37783355712891,82.37875003814698,True,True,True,True,True,False,weak_rally,6,0,normal,False,True,acc,True,0.0,,0.024915131343281993,65.71476899611486,True,True,True,True,True,True,True,A,Confirmed Uptrend,96.37,0.0,0.35904133881874184,0.9918017767519959,0.3321024107783024,-0.017421577590774118,0.714832595832408,0.8237486687965921,,False,스킵,상관 클러스터 중복 — 대표: AEM·AU,0,0.576,0.826
TECK,Teck Resources Ltd,Materials,XLB,29553743872.0,2026-08-27,70.54000091552734,-0.008155256027216118,0.06620309871485763,0.12882059562873183,0.08576705594056344,0.021997266101025925,False,0.07002443460312224,0.06460016781321865,0.09510229890265531,0.03901925417715635,0.984920388304422,0.8734197470406708,1.2352818090131708,1.3946917378311054,0.8734197470406708,196583781.75920945,0.2500018339874555,66.18050003051758,62.31786632537842,59.745723978678384,True,True,True,True,True,False,dry_up,2,2,normal,False,False,surge,False,4.0,,0.027208452660757103,65.97209190706651,True,True,True,True,False,True,True,A,Confirmed Uptrend,69.2,0.0194,0.4184718542444735,0.9918017767519959,0.5193081347002617,-0.11135042006253526,0.6651727574561629,0.79185303514377,2026-10-22,False,스킵,상관 클러스터 중복 — 대표: AEM·AU,0,0.576,0.826
HPQ,HP Inc.,Information Technology,XLK,24939034624.0,2026-08-27,29.6299991607666,-0.029161247825953862,0.005429245033595986,0.1031272705685462,0.06105368163117331,0.18393632343235566,False,0.04566938143784327,0.23328980459489457,0.027795715585736236,0.2043728262517115,0.9466453636741118,2.7202216907924406,1.3169763645537542,0.8668928056723901,2.7202216907924406,440870852.1197375,0.9666665395100912,29.312499904632567,26.037956968943277,23.162459659576417,True,True,True,True,True,False,distribution,1,1,attention,False,False,surge,False,1.0,,0.04777975131744862,55.937690045595524,True,True,True,True,False,True,True,A,Confirmed Uptrend,30.52,-0.0292,0.2997272872131825,0.9527010877787918,-0.03270744196791375,0.4602693726735809,0.647976399970386,0.7896698615548455,2026-11-25,False,스킵,점수 후순위 (후보 내 하위 25%) — 우선순위 미달,0,0.576,0.826
BNS,Bank Nova Scotia Halifax Pfd 3,Financials,XLF,106999832576.0,2026-08-27,92.93000030517578,-0.007051993359760811,0.07508095419327177,0.05794631351879431,0.017595939178163933,0.06422599161984355,True,0.0028417361865078483,0.10858923683038291,0.04186141599418147,0.0260345412911418,0.9929480066402392,1.0438773913083783,1.282464338723036,1.0417531109004905,1.0438773913083783,201092759.70544738,0.45602524913640996,89.42599983215332,86.80516141255697,80.23745594024658,True,True,True,True,True,False,distribution,2,3,normal,False,False,surge,False,1.0,분산3일,0.02065686329368482,62.22411761351874,True,True,True,True,False,True,True,A,Confirmed Uptrend,93.59,-0.0071,0.20348183473561246,0.9926256166172422,0.23698529757412978,0.06325325192223374,0.7523491255346171,0.7750798722044729,,False,스킵,점수 후순위 (후보 내 하위 23%) — 우선순위 미달,0,0.576,0.826
BEKE,KE Holdings Inc,Real Estate,XLRE,18725367808.0,2026-08-27,17.729999542236328,-0.007834431472980019,0.04355501948717588,0.04355501948717588,0.0037535332082565542,0.06750004332066939,False,-0.010799967658214116,0.11199977040590436,0.05850966744548858,0.10106362255079215,0.9844530436931098,0.9838637523129992,1.6911699287680888,1.024994339094312,0.9838637523129992,58878733.50712681,0.18367315162980435,17.26949996948242,16.338333288828533,16.436304489771526,True,True,True,True,False,False,dry_up,4,3,normal,False,False,surge,False,4.0,분산3일,0.03087986912185519,58.345394869926935,True,True,True,True,False,True,True,A,Confirmed Uptrend,17.75,-0.0011,0.3585181991849307,0.9706585845822716,-0.20065584203084907,-0.04035213446035302,0.30658693683688987,0.7398828541001065,2026-11-10,False,스킵,점수 후순위 (후보 내 하위 21%) — 우선순위 미달,0,0.576,0.826
CG,The Carlyle Group Inc.,Financials,XLF,16566023168.0,2026-08-27,49.2400016784668,0.005103082086847177,0.026047092233399072,0.0933028696300311,0.05160398614838524,0.027811816917228338,False,0.03635669782783735,0.07065710356051613,0.07668041497741918,-0.009072852562887812,0.9646414904237743,0.5490511295645447,0.9374343613606058,1.125412455440391,0.5490511295645447,216992988.51000348,0.19403142285345015,48.66723365783692,45.513722546895345,46.467975330352786,True,True,True,False,False,False,weak_rally,1,1,normal,False,False,surge,False,4.0,,0.031679981753360134,56.692478042866746,True,True,True,True,False,True,True,A,Confirmed Uptrend,49.37,-0.0026,0.3053808778464977,0.9926256166172422,-0.384780069709034,-0.22283756888456885,0.08300991497383153,0.7320553780617679,2026-10-30,False,스킵,점수 후순위 (후보 내 하위 20%) — 우선순위 미달,0,0.576,0.826
SNPS,"Synopsys, Inc.",Information Technology,XLK,74439507968.0,2026-08-27,464.8900146484375,0.13387808450838423,0.16830015822480227,0.24859675936471182,0.20097492260695327,0.006301726339179803,False,0.18356189341351725,0.04825034495299896,0.1633312256960866,0.023671991665470404,1.0,2.458872013836424,1.4978938457145936,1.5174522481952823,2.458872013836424,682061185.8024048,0.9981881152896895,408.42450256347655,425.65416717529297,441.6678347269694,True,True,False,False,False,False,accumulation,3,0,attention,True,False,surge,True,0.0,어닝스20일내,0.030718487539486708,71.73517652601294,True,True,True,True,True,True,True,B,Confirmed Uptrend,464.89,0.0,0.22549597666089938,0.9527010877787918,-0.45153929881829513,-0.1754693863505522,0.09445137334631791,0.7165601703940362,2026-08-27,True,스킵,국면(Confirmed Uptrend) 부정합 B등급 + 중기 근거 부족(3M 0.09),0,0.576,0.826
SLB,SLB Limited,Energy,XLE,73598664704.0,2026-08-27,55.0099983215332,0.026305968051340223,0.027264222320702247,0.12471884058784877,0.08182174300760048,0.006043555897044195,True,0.06613632507048495,0.04798141243709275,0.06459176170630654,-0.08536145105117898,1.0,1.5675283796506088,1.1418590822856494,1.906468604519845,1.5675283796506088,508229937.2064098,0.6880566507052099,52.54750003814697,50.609833272298175,51.51806306838989,True,True,False,True,False,False,accumulation,2,1,interest,True,False,surge,True,0.0,,0.027520980563172252,64.2104347846047,True,True,True,True,False,True,True,B,Confirmed Uptrend,55.01,0.0,0.44802303590865983,0.9770980535768995,0.24567480106627415,-0.1015487951507138,0.5898549486596846,0.7155484558040469,2026-10-23,False,스킵,점수 후순위 (후보 내 하위 16%) — 우선순위 미달,0,0.576,0.826
AFRM,"Affirm Holdings, Inc.",Financials,XLF,23948597248.0,2026-08-27,77.48999786376953,0.01347108019395793,0.032511588444959605,0.0578839298808127,0.01753593486993954,0.006948854751896771,False,0.0027826018854344436,0.04892444951240105,0.041799980830060424,-0.029187113992171665,0.9033574139251661,2.9325480048214914,1.2174153935707241,1.367965470205386,2.9325480048214914,231498237.0559288,0.7455194290245837,76.20699996948242,75.43141663869223,66.70479176839193,True,True,True,True,True,True,accumulation,1,1,attention,True,False,surge,True,0.0,어닝스20일내,0.04134173264858427,52.82481087843201,True,True,True,True,False,True,True,A,Confirmed Uptrend,77.49,0.0,0.33741758457566484,0.9926256166172422,-0.2132365725755786,0.30701944981981133,0.4852466783983416,0.7066027689030884,2026-08-28,True,스킵,점수 후순위 (후보 내 하위 14%) — 우선순위 미달,0,0.576,0.826
SYF,Synchrony Financial,Financials,XLF,24659857408.0,2026-08-27,79.93000030517578,0.0018801896236406712,0.041976290693958695,0.040237652633642096,0.0005626916733094678,0.03482762475365453,False,-0.013944544932556369,0.07796537183847274,0.024421995610173886,-0.0023088182018422554,0.9867901272243924,1.0068840827885917,1.2634790629708885,1.192953144654088,1.0068840827885917,248403699.76799583,0.5046727194942244,79.14997329711915,75.51865692138672,73.06625839869182,True,True,True,True,True,False,accumulation,4,3,normal,False,False,surge,False,4.0,분산3일,0.023571510045633057,56.48035388118297,True,True,True,True,False,True,True,A,Confirmed Uptrend,79.47,0.0058,0.4860766232460818,0.9926256166172422,-0.11885724402832865,-0.043606600524090156,0.3690595866577825,0.6985623003194888,2026-10-14,False,스킵,점수 후순위 (후보 내 하위 12%) — 우선순위 미달,0,0.576,0.826
HCA,"HCA Healthcare, Inc.",Health Care,XLV,87161339904.0,2026-08-27,419.3399963378906,-0.01830697456966146,0.03217074280074117,0.05950121853643475,0.019091539674654046,0.02536055866654019,False,0.004315651854599922,0.0681036623414486,0.009730982240836461,-0.06244734682510955,0.9769359935660265,0.8223246896969559,1.0909756757178666,1.1494105900628722,0.8223246896969559,490157963.08439636,0.14639788142463384,413.1009994506836,395.60941111246746,426.88892923990886,True,True,True,False,False,False,dry_up,2,2,normal,False,False,surge,False,4.0,,0.02531188072475553,56.1823567760362,True,True,True,True,False,True,True,A,Confirmed Uptrend,429.19,-0.023,0.4973211731504654,0.9766621640729851,-0.10569425286582845,-0.2678754575438018,0.23003286007984372,0.6666666666666666,2026-10-23,False,스킵,점수 후순위 (후보 내 하위 11%) — 우선순위 미달,0,0.576,0.826
SQM,Sociedad Quimica y Minera S.A.,Materials,XLB,19154872320.0,2026-08-27,80.43000030517578,0.027465528352148327,0.025239049508694267,0.17536168269010455,0.1305330526583628,-0.06073309155933282,False,0.11414136563849397,-0.021578881358288005,0.14025318614878168,-0.04508902807100601,0.9691529386132042,0.784644440464051,1.215193319181764,1.8085765837398124,0.784644440464051,68656133.72471237,0.9588236350091104,74.2759994506836,73.93933334350587,78.56511707305908,True,True,False,True,False,False,weak_rally,3,1,normal,False,False,surge,False,4.0,,0.033853745912638046,63.7707209621876,True,True,True,True,True,True,True,B,Confirmed Uptrend,81.96,-0.0187,0.37336340878536406,0.9918017767519959,0.308536320254313,-0.1764047038733737,0.5701751208761169,0.6567092651757189,2026-11-18,False,스킵,점수 후순위 (후보 내 하위 9%) — 우선순위 미달,0,0.576,0.826
SMTC,Semtech Corporation,Information Technology,XLK,10975070208.0,2026-08-27,142.42999267578125,0.011576630601522586,0.14053487995158442,0.24273616540681697,0.195337853375255,-0.1445173267566141,False,0.178006556488838,-0.10885573992701791,0.1578708463532683,-0.12975042272839477,0.8151433420617487,1.154316020209061,1.7588115827108475,2.1514990309931945,1.154316020209061,419113016.61941373,0.2738606000990631,131.666499710083,140.27533315022785,123.44533354441324,True,True,False,True,False,False,accumulation,4,3,normal,False,False,surge,False,1.0,분산3일,0.08035837869959195,55.50022721986559,True,True,True,False,False,True,True,B,Confirmed Uptrend,140.8,0.0116,0.32007347794390273,0.9527010877787918,0.5425681331411927,0.075609038805168,0.852628066039079,0.6157082002129926,2026-11-24,False,스킵,점수 후순위 (후보 내 하위 7%) — 우선순위 미달,0,0.576,0.826
TSLA,"Tesla, Inc.",Consumer Discretionary,XLY,1229138690048.0,2026-08-27,354.80999755859375,0.025996154195747634,0.0280473808096402,0.1488100713835634,0.10499412738501213,-0.14899952119937598,False,0.08897273123715288,-0.1135247787925916,0.114210962046017,-0.10545070399964529,0.834258188907617,0.8993521486493352,1.120075649476017,1.8373616017693468,0.8993521486493352,11279277566.77921,0.9096215100450202,336.9419967651367,368.55133158365885,381.01674931844076,True,False,False,False,False,False,weak_rally,2,1,normal,False,False,surge,False,4.0,,0.033480689500894875,53.87218957306971,True,True,True,False,False,True,True,B,Confirmed Uptrend,362.86,-0.0222,0.5364635370533061,0.9343411147607784,-0.25795996328465043,-0.31370600913751157,0.1038752114264236,0.5911075612353568,2026-10-22,False,스킵,국면(Confirmed Uptrend) 부정합 B등급 + 중기 근거 부족(3M 0.10),0,0.576,0.826
VALE,VALE S.A.,Materials,XLB,64091787264.0,2026-08-27,15.3100004196167,0.009894496946858178,0.07589605847665704,0.050487284343919026,0.010421399504861428,-0.043599253845474806,False,-0.004228779275773142,-0.0037308037650404247,0.019108833155446536,-0.027669815835182354,0.9986954009009206,1.0426865026519374,1.1238186116876447,1.7279552368582187,1.0426865026519374,365363210.4334427,0.8620690789149158,14.36076922416687,14.484089994430542,15.126755785942077,True,True,False,False,False,False,accumulation,5,0,normal,False,False,surge,False,3.0,,0.025685012065666094,64.64560971624577,True,True,True,True,True,True,True,B,Confirmed Uptrend,15.04,0.018,0.3411346031720785,0.9918017767519959,0.32027306512556564,-0.20449035522039916,0.5557025621750298,0.5864217252396167,2026-10-30,False,스킵,상관 클러스터 중복 — 대표: AEM·AU,0,0.576,0.826
QCOM,QUALCOMM Incorporated,Information Technology,XLK,154990493696.0,2026-08-27,164.77999877929688,0.006474453644578437,0.025133713749341702,0.08693926217114845,0.045483088494188584,-0.2529100256403317,False,0.030324547546742853,-0.22176688876166295,0.012713171514338262,-0.2400141408996299,0.7287603305227406,1.5049568023848185,1.1195773752301443,1.78349436673031,1.5049568023848185,1604914357.108635,0.5682966884522331,160.97449951171876,181.59983342488607,172.2749085744222,True,False,False,True,False,False,accumulation,3,0,interest,True,False,surge,True,0.0,,0.029123940244641728,49.220528525641,True,True,True,False,True,True,True,B,Confirmed Uptrend,164.78,0.0,0.4396111268333929,0.9527010877787918,-0.1264043885833951,0.015282051374268635,0.4271819491665385,0.490468583599574,2026-10-30,False,스킵,점수 후순위 (후보 내 하위 2%) — 우선순위 미달,0,0.576,0.826
